{
	"file_type_access": {
		"color": "red",
		"aliases": [
			{
				"name": "Plain Text (Microsoft Access)",
				"extensions": [
					"adn",
					"accdb",
					"accdr",
					"accdt",
					"accda",
					"mdw",
					"accde",
					"mam",
					"maq",
					"mar",
					"mat",
					"maf",
					"laccdb"
				],
				"base": "text.plain",
				"scope": "text.plain.access"
			}
		]
	},
	"file_type_actionscript": {
		"color": "red",
		"syntaxes": [
			{
				"name": "ActionScript",
				"scope": "source.actionscript"
			}
		]
	},
	"file_type_ada": {
		"color": "red",
		"syntaxes": [
			{
				"name": "Ada",
				"scope": "source.ada"
			}
		]
	},
	"file_type_ae": {
		"color": "purple",
		"aliases": [
			{
				"name": "Plain Text (Adobe After Effects)",
				"extensions": [
					"aep",
					"aet"
				],
				"base": "text.plain",
				"scope": "text.plain.ae"
			}
		]
	},
	"file_type_ai": {
		"color": "orange",
		"aliases":[
			{
				"name": "Plain Text (Adobe Illustrator)",
				"extensions": [
					"ai"
				],
				"base": "text.plain",
				"scope": "text.plain.ai"
			}
		]
	},
	"file_type_angular": {
		"color": "red",
		"syntaxes": [
			{
				"name": "Angular​JS",
				"scope": "text.html.basic.angularjs"
			},
			{
				"name": "Angular​JS",
				"scope": "text.html.angularjs"
			},
			{
				"name": "Ngx HTML",
				"scope": "text.html.ngx"
			}
		]
	},
	"file_type_apache": {
		"color": "yellow",
		"syntaxes": [
			{
				"name": "Apache Conf",
				"scope": "source.apacheconf"
			}
		]
	},
	"file_type_applescript": {
		"color": "graphite",
		"syntaxes": [
			{
				"name": "AppleScript",
				"scope": "source.applescript"
			}
		]
	},
	"file_type_archive": {
		"color": "graphite",
		"aliases":[
			{
				"name": "Plain Text (Archive)",
				"extensions": [
					"7z",
					"7zip",
					"gz",
					"pzip",
					"rar",
					"saz",
					"tar",
					"tgz",
					"wim",
					"zip"
				],
				"base": "text.plain",
				"scope": "text.plain.archive"
			}
		]
	},
	"file_type_arduino": {
		"color": "cyan",
		"syntaxes": [
			{
				"name": "Arduino",
				"scope": "source.c++.arduino"
			},
			{
				"name": "Arduino-like IDE",
				"scope": "source.arduino"
			}
		]
	},
	"file_type_audio": {
		"color": "red",
		"aliases":[
			{
				"name": "Plain Text (Audio)",
				"extensions": [
					"mp3",
					"m4p",
					"aac",
					"aiff",
					"au",
					"flac",
					"m4a",
					"mpc",
					"mp+",
					"mpp",
					"oga",
					"opus",
					"ra",
					"rm",
					"wav",
					"wma"
				],
				"base": "text.plain",
				"scope": "text.plain.audio"
			}
		]
	},
	"file_type_babel": {
		"color": "yellow",
		"aliases": [
			{
				"name": "JSON (Babel)",
				"linter": "json",
				"extensions": [
					".babelrc"
				],
				"base": "source.json",
				"scope": "source.json.babel"
			}
		]
	},
	"file_type_bazel": {
		"color": "green",
		"syntaxes": [
			{
				"name": "Bazel",
				"scope": "source.bazel"
			}
		]
	},
	"file_type_binary": {
		"color": "graphite"
	},
	"file_type_blade": {
		"color": "orange",
		"syntaxes": [
			{
				"name": "Laravel Blade Highlighter",
				"scope": "text.blade"
			}
		]
	},
	"file_type_bower": {
		"color": "yellow",
		"aliases":[
			{
				"name": "JSON (Bower)",
				"linter": "json",
				"extensions": [
					"bower.json",
					".bowerrc"
				],
				"base": "source.json",
				"scope": "source.json.bower"
			}
		]
	},
	"file_type_c": {
		"color": "purple",
		"syntaxes": [
			{
				"name": "C",
				"scope": "source.c"
			},
			{
				"name": "Objective-C",
				"scope": "source.objc"
			}
		]
	},
	"file_type_circleci": {
		"color": "graphite",
		"aliases":[
			{
				"name": "YAML (CircleCI)",
				"linter": "yaml",
				"extensions": [
					"circle.yml"
				],
				"base": "source.yaml",
				"scope": "source.yaml.circleci"
			}
		]
	},
	"file_type_cf": {
		"color": "cyan",
		"syntaxes": [
			{
				"name": "ColdFusion",
				"scope": "source.cfscript.cfc, text.html.cfm"
			},
			{
				"name": "CFML",
				"scope": "embedding.cfml, source.cfml.script"
			}
		]
	},
	"file_type_clojure": {
		"color": "purple",
		"syntaxes": [
			{
				"name": "Clojure",
				"scope": "source.clojure"
			}
		]
	},
	"file_type_cmake": {
		"color": "blue",
		"syntaxes": [
			{
				"name": "CMake",
				"scope": "source.cmake"
			},
			{
				"name": "CMakeEditor",
				"scope": "source.cmakeeditor"
			}

		]
	},
	"file_type_cobol": {
		"color": "cyan",
		"syntaxes": [
			{
				"name": "Cobol",
				"scope": "source.cobol"
			}
		]
	},
	"file_type_coffeescript": {
		"color": "orange",
		"syntaxes": [
			{
				"name": "CoffeeScript",
				"scope": "source.coffee"
			}
		]
	},
	"file_type_composer": {
		"color": "orange",
		"aliases": [
			{
				"name": "JSON (Composer)",
				"linter": "json",
				"extensions": [
					"composer.json",
					"composer.lock"
				],
				"base": "source.json",
				"scope": "source.json.composer"
			}
		]
	},
	"file_type_cpp": {
		"color": "sky",
		"syntaxes": [
			{
				"name": "C++",
				"scope": "source.c++"
			},
			{
				"name": "Objective C++",
				"scope": "source.objc++"
			}
		]
	},
	"file_type_c++": {
		"color": "sky",
		"syntaxes": [
			{
				"name": "C++",
				"scope": "source.c++"
			},
			{
				"name": "Objective C++",
				"scope": "source.objc++"
			}
		]
	},
	"file_type_csharp": {
		"color": "blue",
		"syntaxes": [
			{
				"name": "C#",
				"scope": "source.cs"
			}
		]
	},
	"file_type_c#": {
		"color": "blue",
		"syntaxes": [
			{
				"name": "C#",
				"scope": "source.cs"
			}
		]
	},
	"file_type_css": {
		"color": "blue",
		"syntaxes": [
			{
				"name": "CSS",
				"scope": "source.css"
			}
		]
	},
	"file_type_csv": {
		"color": "green",
		"aliases":[
			{
				"name": "Plain Text (CSV)",
				"extensions": [
					"csv"
				],
				"base": "text.plain",
				"scope": "text.csv"
			}
		],
		"syntaxes": [
			{
				"name": "Advanced CSV",
				"scope": "text.advanced_csv"
			}
		]
	},
	"file_type_cython": {
		"color": "yellow",
		"syntaxes": [
			{
				"name": "Cython",
				"scope": "source.cython"
			}
		]
	},
	"file_type_dart": {
		"color": "cyan",
		"syntaxes": [
			{
				"name": "Dart",
				"scope": "source.dart"
			}
		]
	},
	"file_type_default": {
		"color": "graphite"
	},
	"file_type_delphi": {
		"color": "red",
		"syntaxes": [
			{
				"name": "Pascal",
				"scope": "source.pascal"
			}
		]
	},
	"file_type_dlang": {
		"color": "red",
		"syntaxes": [
			{
				"name": "D",
				"scope": "source.d"
			}
		]
	},
	"file_type_diff": {
		"color": "yellow",
		"syntaxes": [
			{
				"name": "Diff",
				"scope": "source.diff"
			}
		]
	},
	"file_type_docker": {
		"color": "sky",
		"syntaxes": [
			{
				"name": "Dockerfile",
				"scope": "source.dockerfile"
			}
		],
		"aliases": [
			{
				"name": "YAML (Docker)",
				"linter": "yaml",
				"extensions": [
					"docker-compose.yml"
				],
				"base": "source.yaml",
				"scope": "source.yaml.docker"
			},
			{
				"name": "Shell Script (Docker)",
				"extensions": [
					".dockerignore"
				],
				"base": "source.shell",
				"scope": "source.shell.docker"
			}
		]
	},
	"file_type_dotnet": {
		"color": "cyan",
		"syntaxes": [
			{
				"name": "ASP",
				"scope": "source.asp"
			},
			{
				"name": "HTML (ASP)",
				"scope": "text.html.asp"
			}
		]
	},
	"file_type_editorconfig": {
		"color": "yellow",
		"syntaxes": [
			{
				"name": "EditorConfig",
				"scope": "source.ini.editorconfig"
			}
		]
	},
	"file_type_ember": {
		"color": "green",
		"syntaxes": [
			{
				"name": "EmberScript",
				"scope": "source.ember"
			},
			{
				"name": "HTML (EmberScript)",
				"scope": "text.html.ember"
			}
		]
	},
	"file_type_ejs": {
		"color": "green",
		"syntaxes": [
			{
				"name": "EJS",
				"scope": "text.ejs"
			}
		]
	},
	"file_type_elm": {
		"color": "cyan",
		"syntaxes": [
			{
				"name": "Elm",
				"scope": "source.elm"
			}
		]
	},
	"file_type_erlang": {
		"color": "red",
		"syntaxes": [
			{
				"name": "Erlang",
				"scope": "source.erlang"
			}
		]
	},
	"file_type_eslint": {
		"color": "purple",
		"aliases": [
			{
				"name": "JSON (ESLint)",
				"linter": "json",
				"extensions": [
					".eslintrc",
					".eslintrc.json"
				],
				"base": "source.json",
				"scope": "source.json.eslint"
			},
			{
				"name": "JavaScript (ESLint)",
				"linter": "javascript",
				"extensions": [
					".eslintrc.js"
				],
				"base": "source.js",
				"scope": "source.js.eslint"
			},
			{
				"name": "YAML (ESLint)",
				"linter": "yaml",
				"extensions": [
					".eslintrc.yaml",
					".eslintrc.yml"
				],
				"base": "source.yaml",
				"scope": "source.yaml.eslint"
			},
			{
				"name": "Shell Script (ESLint)",
				"extensions": [
					".eslintignore"
				],
				"base": "source.shell",
				"scope": "source.shell.eslint"
			},
			{
				"name": "Plain Text (ESLint)",
				"extensions": [
					".eslintcache"
				],
				"base": "text.plain",
				"scope": "text.plain.eslint"
			}
		]
	},
	"file_type_ex": {
		"color": "purple",
		"syntaxes": [
			{
				"name": "Elixir",
				"scope": "source.elixir, text.html.elixir"
			}
		]
	},
	"file_type_excel": {
		"color": "green",
		"aliases": [
			{
				"name": "Plain Text (Microsoft Excel)",
				"extensions": [
					"xls",
					"xlsx",
					"xlsm",
					"xlsb",
					"xlt"
				],
				"base": "text.plain",
				"scope": "text.plain.excel"
			}
		]
	},
	"file_type_font": {
		"color": "green",
		"aliases":[
			{
				"name": "Plain Text (Font)",
				"extensions": [
					"eot",
					"otf",
					"ttf",
					"woff",
					"woff2"
				],
				"base": "text.plain",
				"scope": "text.plain.font"
			}
		]
	},
	"file_type_fortran": {
		"color": "red",
		"syntaxes": [
			{
				"name": "Fortran",
				"scope": "source.fortran"
			},
			{
				"name": "Fortran Namelist",
				"scope": "source.fortran-namelist"
			},
			{
				"name": "Fixed Form Fortran",
				"scope": "source.fixedform-fortran"
			},
			{
				"name": "Modern Fortran",
				"scope": "source.modern-fortran"
			}
		]
	},
	"file_type_fsharp": {
		"color": "sky",
		"syntaxes": [
			{
				"name": "F#",
				"scope": "source.fsharp"
			}
		]
	},
	"file_type_git": {
		"color": "orange",
		"syntaxes": [
			{
				"name": "Git Formats",
				"scope": "text.git"
			},
			{
				"name": "Git Misc Packages",
				"scope": "source.git"
			},
			{
				"name": "Shell Script (Git)",
				"scope": "source.shell.git"
			}
		],
		"aliases": [
			{
				"name": "Git Keep",
				"extensions": [
					".gitkeep"
				],
				"base": "text.plain",
				"scope": "text.git.keep"
			}
		]
	},
	"file_type_go": {
		"color": "sky",
		"syntaxes": [
			{
				"name": "Go",
				"scope": "source.go"
			}
		]
	},
	"file_type_gradle": {
		"color": "cyan",
		"syntaxes": [
			{
				"name": "Gradle_Language",
				"scope": "source.gradle"
			}
		],
		"aliases": [
			{
				"name": "Groovy (Gradle)",
				"extensions": [
					"gradle"
				],
				"base": "source.groovy",
				"scope": "source.groovy.gradle"
			}
		]
	},
	"file_type_graphviz": {
		"color": "cyan",
		"syntaxes": [
			{
				"name": "Graphviz (DOT)",
				"scope": "source.dot"
			}
		]
	},
	"file_type_groovy": {
		"color": "cyan",
		"syntaxes": [
			{
				"name": "Groovy",
				"scope": "source.groovy"
			}
		]
	},
	"file_type_gruntfile": {
		"color": "orange",
		"aliases": [
			{
				"name": "JavaScript (Gruntfile)",
				"linter": "javascript",
				"extensions": [
					"gruntfile.js"
				],
				"base": "source.js",
				"scope": "source.js.gruntfile"
			}
		]
	},
	"file_type_gulpfile": {
		"color": "pink",
		"aliases": [
			{
				"name": "JavaScript (Gulpfile)",
				"linter": "javascript",
				"extensions": [
					"gulpfile.js",
					"gulpfile.babel.js"
				],
				"base": "source.js",
				"scope": "source.js.gulpfile"
			},
			{
				"name": "CoffeeScript (Gulpfile)",
				"linter": "coffeescript",
				"extensions": [
					"gulpfile.coffee"
				],
				"base": "source.coffee",
				"scope": "source.coffee.gulpfile"
			}
		]
	},
	"file_type_harbour": {
		"color": "sky",
		"syntaxes": [
			{
				"name": "Harbour",
				"scope": "source.harbour"
			}
		]
	},
	"file_type_haml": {
		"color": "yellow",
		"syntaxes": [
			{
				"name": "Ruby Haml",
				"scope": "text.haml"
			}
		]
	},
	"file_type_haskell": {
		"color": "purple",
		"syntaxes": [
			{
				"name": "Haskell",
				"scope": "source.haskell"
			}
		]
	},
	"file_type_haxe": {
		"color": "orange",
		"syntaxes": [
			{
				"name": "Haxe",
				"scope": "source.haxe"
			}
		]
	},
	"file_type_html": {
		"color": "orange",
		"syntaxes": [
			{
				"name": "HTML",
				"scope": "text.html.basic"
			}
		]
	},
	"file_type_image": {
		"color": "green",
		"aliases": [
			{
				"name": "Plain Text (Image)",
				"extensions": [
					"emf",
					"jp2",
					"pnm",
					"ppm",
					"tga",
					"tif",
					"tiff",
					"webp",
					"xbm",
					"xpm"
				],
				"base": "text.plain",
				"scope": "text.plain.image"
			}
		]
	},
	"file_type_indesign": {
		"color": "pink",
		"aliases": [
			{
				"name": "Plain Text (Adobe InDesign)",
				"extensions": [
					"indd",
					"indl",
					"indt",
					"indb",
					"inx",
					"idml"
				],
				"base": "text.plain",
				"scope": "text.plain.indesign"
			}
		]
	},
	"file_type_java": {
		"color": "red",
		"syntaxes": [
			{
				"name": "Java",
				"scope": "source.java"
			}
		]
	},
	"file_type_js": {
		"color": "yellow",
		"syntaxes": [
			{
				"name": "JavaScript",
				"scope": "source.js"
			}
		]
	},
	"file_type_json": {
		"color": "green",
		"syntaxes": [
			{
				"name": "JSON",
				"scope": "source.json"
			}
		]
	},
	"file_type_jsp": {
		"color": "purple",
		"syntaxes": [
			{
				"name": "JSP",
				"scope": "text.html.jsp"
			}
		]
	},
	"file_type_jsx": {
		"color": "blue",
		"syntaxes": [
			{
				"name": "JSX",
				"scope": "source.jsx"
			},
			{
				"name": "JSX",
				"scope": "source.js.jsx"
			},
			{
				"name": "JS Custom - React",
				"scope": "source.js.react"
			}
		]
	},
	"file_type_julia": {
		"color": "purple",
		"syntaxes": [
			{
				"name": "Julia",
				"scope": "source.julia"
			}
		]
	},
	"file_type_kotlin": {
		"color": "blue",
		"syntaxes": [
			{
				"name": "Kotlin",
				"scope": "source.Kotlin"
			}
		]
	},
	"file_type_less": {
		"color": "blue",
		"syntaxes": [
			{
				"name": "LESS",
				"scope": "source.less"
			}
		]
	},
	"file_type_license": {
		"color": "cyan",
		"aliases": [
			{
				"name": "Plain Text (License)",
				"extensions": [
					"copying",
					"copyright",
					"license"
				],
				"base": "text.plain",
				"scope": "text.plain.license"
			},
			{
				"name": "Markdown (License)",
				"extensions": [
					"copying.md",
					"copyright.md",
					"license.md"
				],
				"base": "text.html.markdown",
				"scope": "text.html.markdown.license"
			}
		]
	},
	"file_type_liquid": {
		"color": "green",
		"syntaxes": [
			{
				"name": "Siteleaf Liquid Syntax",
				"scope": "text.html.liquid"
			}
		]
	},
	"file_type_lisp": {
		"color": "red",
		"syntaxes": [
			{
				"name": "Lisp",
				"scope": "source.lisp"
			}
		]
	},
	"file_type_lock": {
		"color": "red",
		"aliases": [
			{
				"name": "YAML (Lock)",
				"linter": "yaml",
				"extensions": [
					"Gemfile.lock",
					"Berksfile.lock"
				],
				"base": "source.yaml",
				"scope": "source.yaml.lock"
			}
		]
	},
	"file_type_log": {
		"color": "graphite",
		"aliases": [
			{
				"name": "Plain Text (Log)",
				"extensions": [
					"log"
				],
				"base": "text.plain",
				"scope": "text.plain.log"
			}
		]
	},
	"file_type_lsl": {
		"color": "cyan",
		"syntaxes": [
			{
				"name": "LSL",
				"scope": "source.lsl, source.ossl"
			}
		]
	},
	"file_type_lua": {
		"color": "blue",
		"syntaxes": [
			{
				"name": "Lua",
				"scope": "source.lua"
			}
		]
	},
	"file_type_markdown": {
		"color": "graphite",
		"syntaxes": [
			{
				"name": "Markdown",
				"scope": "text.html.markdown"
			}
		]
	},
	"file_type_markdownx": {
		"color": "cyan",
		"syntaxes": [
			{
				"name": "MDX (Markdown JSX)",
				"scope": "text.html.markdown.jsx"
			}
		]
	},
	"file_type_markup": {
		"color": "purple"
	},
	"file_type_matlab": {
		"color": "orange",
		"syntaxes": [
			{
				"name": "MATLAB",
				"scope": "source.matlab"
			}
		]
	},
	"file_type_maya": {
		"color": "cyan",
		"syntaxes": [
			{
				"name": "MEL",
				"scope": "source.mel"
			}
		]
	},
	"file_type_mustache": {
		"color": "orange",
		"syntaxes": [
			{
				"name": "HTML Mustache",
				"scope": "txt.html.mustache, text.html.hgn"
			},
			{
				"name": "Handlebars",
				"scope": "text.html.handlebars"
			},
			{
				"name": "Hamlbars",
				"scope": "source.hamlbars"
			}
		]
	},
	"file_type_nginx": {
		"color": "green",
		"syntaxes": [
			{
				"name": "nginx",
				"scope": "source.nginx"
			}
		]
	},
	"file_type_nodejs": {
		"color": "green",
		"aliases":[
			{
				"name": "Plain Text (NodeJS)",
				"extensions": [
					".node-version",
					".nvmrc"
				],
				"base": "text.plain",
				"scope": "text.plain.nodejs"
			}
		]
	},
	"file_type_note": {
		"color": "green",
		"syntaxes": [
			{
				"name": "PlainNotes",
				"scope": "text.html.markdown.note"
			}
		]
	},
	"file_type_npm": {
		"color": "red",
		"aliases": [
			{
				"name": "Shell Script (NPM)",
				"extensions": [
					".npmignore",
					".npmrc"
				],
				"base": "source.shell",
				"scope": "source.shell.npm"
			},
			{
				"name": "JSON (NPM)",
				"linter": "json",
				"extensions": [
					"package-lock.json",
					"package.json"
				],
				"base": "source.json",
				"scope": "source.json.npm"
			}
		]
	},
	"file_type_nsis": {
		"color": "purple",
		"syntaxes": [
			{
				"name": "NSIS",
				"scope": "source.nsis"
			}
		]
	},
	"file_type_ocaml": {
		"color": "yellow",
		"syntaxes": [
			{
				"name": "OCaml",
				"scope": "source.ocaml, source.ocamllex, source.ocamlyacc, source.camlp4.ocaml"
			}
		]
	},
	"file_type_onenote": {
		"color": "purple",
		"aliases": [
			{
				"name": "Plain Text (Microsoft OneNote)",
				"extensions": [
					"one"
				],
				"base": "text.plain",
				"scope": "text.plain.onenote"
			}
		]
	},
	"file_type_pcb": {
		"color": "cyan",
		"aliases": [
			{
				"name": "Gerber fabrication files",
				"extensions": [
					"pcb"
				],
				"base": "text.plain",
				"scope": "text.plain.pcb"
			}
		]
	},
	"file_type_pdf": {
		"color": "red",
		"aliases": [
			{
				"name": "Plain Text (PDF)",
				"extensions": [
					"pdf"
				],
				"base": "text.plain",
				"scope": "text.plain.pdf"
			}
		]
	},
	"file_type_perl": {
		"color": "graphite",
		"syntaxes": [
			{
				"name": "Perl",
				"scope": "source.perl"
			}
		]
	},
	"file_type_php": {
		"color": "blue",
		"syntaxes": [
			{
				"name": "PHP",
				"scope": "embedding.php, source.php"
			}
		]
	},
	"file_type_plist": {
		"color": "cyan",
		"syntaxes": [
			{
				"name": "plist",
				"scope": "text.plist"
			}
		]
	},
	"file_type_postcss": {
		"color": "red",
		"syntaxes": [
			{
				"name": "Syntax Highlighting for Post​CSS",
				"scope": "source.postcss"
			}
		],
		"aliases": [
			{
				"name": "JSON (PostCSS)",
				"linter": "json",
				"extensions": [
					".postcssrc"
				],
				"base": "source.json",
				"scope": "source.json.postcss"
			},
			{
				"name": "JavaScript (PostCSS)",
				"linter": "javascript",
				"extensions": [
					"postcss.config.js"
				],
				"base": "source.js",
				"scope": "source.js.postcss"
			}
		]
	},
	"file_type_powerpoint": {
		"color": "orange",
		"aliases": [
			{
				"name": "Plain Text (Microsoft PowerPoint)",
				"extensions": [
					"ppt",
					"pptx",
					"pps",
					"ppsx"
				],
				"base": "text.plain",
				"scope": "text.plain.powerpoint"
			}
		]
	},
	"file_type_powershell": {
		"color": "blue",
		"syntaxes": [
			{
				"name": "PowerShell",
				"scope": "source.powershell"
			}
		]
	},
	"file_type_preferences": {
		"color": "yellow",
		"syntaxes": []
	},
	"file_type_premiere": {
		"color": "purple",
		"aliases": [
			{
				"name": "Plain Text (Adobe Premiere Pro)",
				"extensions": [
					"prel",
					"prproj",
					"psq"
				],
				"base": "text.plain",
				"scope": "text.plain.premiere"
			}
		]
	},
	"file_type_procfile": {
		"color": "purple",
		"aliases": [
			{
				"name": "YAML (Procfile)",
				"linter": "yaml",
				"extensions": [
					"Procfile"
				],
				"base": "source.yaml",
				"scope": "source.yaml.procfile"
			},
			{
				"name": "Plain Text (Buildpacks)",
				"extensions": [
					".buildpacks"
				],
				"base": "text.plain",
				"scope": "text.plain.buildpacks"
			}
		]
	},
	"file_type_psd": {
		"color": "sky",
		"aliases": [
			{
				"name": "Plain Text (Adobe Photoshop)",
				"extensions": [
					"psb",
					"psd"
				],
				"base": "text.plain",
				"scope": "text.plain.ps"
			}
		]
	},
	"file_type_pug": {
		"color": "yellow",
		"syntaxes": [
			{
				"name": "Jade",
				"scope": "text.jade"
			},
			{
				"name": "Pug",
				"scope": "text.pug"
			}
		],
		"aliases": [
			{
				"name": "JSON (Puglint)",
				"linter": "json",
				"extensions": [
					".pug-lintrc",
					".pug-lintrc.json"
				],
				"base": "source.json",
				"scope": "source.json.puglint"
			},
			{
				"name": "JavaScript (Puglint)",
				"linter": "javascript",
				"extensions": [
					".pug-lintrc.js"
				],
				"base": "source.js",
				"scope": "source.js.puglint"
			}
		]
	},
	"file_type_puppet": {
		"color": "purple",
		"syntaxes": [
			{
				"name": "Puppet",
				"scope": "source.puppet"
			}
		]
	},
	"file_type_python": {
		"color": "yellow",
		"syntaxes": [
			{
				"name": "Python",
				"scope": "source.python"
			}
		]
	},
	"file_type_r": {
		"color": "blue",
		"syntaxes": [
			{
				"name": "R",
				"scope": "source.r"
			}
		]
	},
	"file_type_rails": {
		"color": "red",
		"syntaxes": [
			{
				"name": "Rails",
				"scope": "source.ruby.rails, text.html.ruby"
			}
		]
	},
	"file_type_react": {
		"color": "sky",
		"syntaxes": [
		]
	},
	"file_type_registry": {
		"color": "sky",
		"syntaxes": [
			{
				"name": "Registry (REG)",
				"scope": "source.reg"
			}
		]
	},
	"file_type_restructuredtext": {
		"color": "sky",
		"syntaxes": [
			{
				"name": "reStructuredText",
				"scope": "text.restructuredtext"
			}
		]
	},
	"file_type_riot": {
		"color": "red",
		"syntaxes": [
			{
				"name": "Riot (Jade/Pug)",
				"scope": "source.jade.riot"
			},
			{
				"name": "Riot (HTML)",
				"scope": "text.html.riot"
			}
		]
	},
	"file_type_ruby": {
		"color": "red",
		"syntaxes": [
			{
				"name": "Ruby",
				"scope": "source.ruby"
			}
		],
		"aliases": [
			{
				"name": "Shell Script (Ruby)",
				"extensions": [
					".rvmrc"
				],
				"base": "source.shell",
				"scope": "source.shell.ruby"
			},
			{
				"name": "Plain Text (Ruby)",
				"extensions": [
					".ruby-version",
					".ruby-gemset",
					".rspec"
				],
				"base": "text.plain",
				"scope": "text.plain.ruby"
			}
		]
	},
	"file_type_rust": {
		"color": "sky",
		"syntaxes": [
			{
				"name": "Rust",
				"scope": "source.rust"
			}
		]
	},
	"file_type_sass": {
		"color": "pink",
		"syntaxes": [
			{
				"name": "Sass",
				"scope": "source.sass"
			}
		]
	},
	"file_type_scala": {
		"color": "red",
		"syntaxes": [
			{
				"name": "Scala",
				"scope": "source.scala"
			}
		]
	},
	"file_type_scss": {
		"color": "pink",
		"syntaxes": [
			{
				"name": "SCSS",
				"scope": "source.scss"
			}
		]
	},
	"file_type_settings": {
		"color": "graphite",
		"syntaxes": [
			{
				"name": "INI",
				"scope": "source.ini"
			},
			{
				"name": "Dot​ENV",
				"scope": "source.env"
			}
		],
		"aliases": [
			{
				"name": "JSON (Settings)",
				"linter": "json",
				"extensions": [
					".jshintrc",
					".jsbeautifyrc"
				],
				"base": "source.json",
				"scope": "source.json.settings"
			}
		]
	},
	"file_type_shell": {
		"color": "green",
		"syntaxes": [
			{
				"name": "Shell Script (Bash)",
				"scope": "source.shell"
			},
			{
				"name": "Shell Script (Fish)",
				"scope": "source.fish"
			}
		]
	},
	"file_type_sketch": {
		"color": "purple",
		"aliases":[
			{
				"name": "Plain Text (Sketch)",
				"extensions": [
					"sketch"
				],
				"base": "text.plain",
				"scope": "text.plain.sketch"
			}
		]
	},
	"file_type_slim": {
		"color": "cyan",
		"syntaxes": [
			{
				"name": "Ruby Slim",
				"scope": "text.slim"
			}
		]
	},
	"file_type_source": {
		"color": "sky"
	},
	"file_type_sql": {
		"color": "blue",
		"syntaxes": [
			{
				"name": "SQL",
				"scope": "source.sql"
			}
		]
	},
	"file_type_stata": {
		"color": "sky",
		"syntaxes": [
			{
				"name": "Stata",
				"scope": "source.stata"
			}
		]
	},
	"file_type_stylelint": {
		"color": "graphite",
		"aliases": [
			{
				"name": "JSON (Stylelint)",
				"linter": "json",
				"extensions": [
					".stylelintrc",
					".stylelintrc.json"
				],
				"base": "source.json",
				"scope": "source.json.stylelint"
			},
			{
				"name": "JavaScript (Stylelint)",
				"linter": "javascript",
				"extensions": [
					".stylelintrc.js",
					"stylelint.config.js"
				],
				"base": "source.js",
				"scope": "source.js.stylelint"
			},
			{
				"name": "YAML (Stylelint)",
				"linter": "yaml",
				"extensions": [
					".stylelintrc.yaml",
					".stylelintrc.yml"
				],
				"base": "source.yaml",
				"scope": "source.yaml.stylelint"
			},
			{
				"name": "Shell Script (Stylelint)",
				"extensions": [
					".stylelintignore"
				],
				"base": "source.shell",
				"scope": "source.shell.stylelint"
			}
		]
	},
	"file_type_stylus": {
		"color": "green",
		"syntaxes": [
			{
				"name": "Stylus",
				"scope": "source.stylus"
			}
		]
	},
	"file_type_sublime": {
		"color": "orange",
		"syntaxes": [
			{
				"name": "Sublime Text Key Map",
				"scope": "source.sublimekeymap"
			},
			{
				"name": "Sublime Settings",
				"scope": "source.sublime-settings"
			}
		],
		"aliases": [
			{
				"name": "JSON (Sublime)",
				"linter": "json",
				"extensions": [
					".sublime-project",
					".no-sublime-package",
					"hidden-color-scheme",
					"hidden-theme",
					"sublime-color-scheme",
					"sublime-commands",
					"sublime-menu",
					"sublime-project",
					"sublime-settings",
					"sublime-theme",
					"sublime-workspace",
					"sublime-keymap",
					"sublime-mousemap"
				],
				"base": "source.json",
				"scope": "source.json.sublime"
			},
			{
				"name": "YAML (Sublime)",
				"extensions": [
					"sublime-syntax"
				],
				"base": "source.yaml",
				"scope": "source.yaml.sublime"
			}
		]
	},
	"file_type_svelte": {
		"color": "orange",
		"syntaxes": [
			{
				"name": "Svelte",
				"scope": "text.html.svelte"
			}
		]
	},
	"file_type_svg": {
		"color": "orange",
		"aliases": [
			{
				"name": "XML (SVG)",
				"linter": "xml",
				"extensions": [
					"svg"
				],
				"base": "text.xml",
				"scope": "text.xml.svg"
			}
		]
	},
	"file_type_swift": {
		"color": "orange",
		"syntaxes": [
			{
				"name": "Swift",
				"scope": "source.swift"
			}
		]
	},
	"file_type_tcl": {
		"color": "yellow",
		"syntaxes": [
			{
				"name": "Tcl",
				"scope": "source.tcl"
			}
		]
	},
	"file_type_tern": {
		"color": "graphite",
		"aliases": [
			{
				"name": "JSON (Tern JS)",
				"linter": "json",
				"extensions": [
					".tern-project",
					".tern-config"
				],
				"base": "source.json",
				"scope": "source.json.tern"
			}
		]
	},
	"file_type_terraform": {
		"color": "purple",
		"aliases": [
			{
				"name": "JSON (Terraform)",
				"linter": "json",
				"extensions": [
					"tfstate"
				],
				"base": "source.json",
				"scope": "source.json.terraform"
			}
		],
		"syntaxes": [
			{
				"name": "Terraform",
				"scope": "source.terraform"
			}
		]
	},
	"file_type_test_js": {
		"color": "yellow",
		"aliases":[
			{
				"name": "UnitTest (JavaScript)",
				"extensions": [
					"spec.js",
					"test.js"
				],
				"base": "source.js",
				"scope": "source.js.unittest"
			}
		]
	},
	"file_type_test_jsx": {
		"color": "blue",
		"aliases":[
			{
				"name": "UnitTest (JavaScript React)",
				"extensions": [
					"spec.jsx",
					"test.jsx"
				],
				"base": "source.jsx",
				"scope": "source.jsx.unittest"
			}
		]
	},
	"file_type_test_tsx": {
		"color": "sky",
		"aliases":[
			{
				"name": "UnitTest (TypeScript React)",
				"extensions": [
					"spec.tsx",
					"test.tsx"
				],
				"base": "source.tsx",
				"scope": "source.tsx.unittest"
			}
		]
	},
	"file_type_test_typescript": {
		"color": "sky",
		"aliases":[
			{
				"name": "UnitTest (TypeScript)",
				"extensions": [
					"spec.ts",
					"test.ts"
				],
				"base": "source.ts",
				"scope": "source.ts.unittest"
			}
		]
	},
	"file_type_tex": {
		"color": "blue",
		"syntaxes": [
			{
				"name": "LaTeX",
				"scope": "text.tex, text.biblatex, text.bibtex, text.log.latex"
			}
		]
	},
	"file_type_text": {
		"color": "yellow"
	},
	"file_type_textile": {
		"color": "pink",
		"syntaxes": [
			{
				"name": "Textile",
				"scope": "text.html.textile"
			}
		]
	},
	"file_type_todo": {
		"color": "green",
		"syntaxes": [
			{
				"name": "PlainTasks",
				"scope": "text.todo"
			}
		]
	},
	"file_type_toml": {
		"color": "cyan",
		"syntaxes": [
			{
				"name": "TOML",
				"scope": "source.toml"
			}
		]
	},
	"file_type_tsx": {
		"color": "sky",
		"syntaxes": [
			{
				"name": "TypeScript React",
				"scope": "source.tsx"
			},
			{
				"name": "TypeScript React",
				"scope": "source.ts.react"
			}
		]
	},
	"file_type_twig": {
		"color": "green",
		"syntaxes": [
			{
				"name": "PHP-Twig",
				"scope": "text.html.twig"
			}
		]
	},
	"file_type_typescript": {
		"color": "sky",
		"syntaxes": [
			{
				"name": "TypeScript",
				"scope": "source.ts"
			},
			{
				"name": "TypeScript",
				"scope": "source.js.typescript"
			}

		]
	},
	"file_type_unity3d": {
		"color": "sky",
		"syntaxes": [
			{
				"name": "Boo (Unity 3D)",
				"scope": "source.boo.unity3d"
			},
			{
				"name": "C# (Unity 3D)",
				"scope": "source.cs.unity3d"
			},
			{
				"name": "JavaScript (Unity 3D)",
				"scope": "source.js.unity3d"
			},
			{
				"name": "Shader (Unity 3D)",
				"scope": "source.shader"
			}
		]
	},
	"file_type_vhdl": {
		"color": "blue",
		"syntaxes": [
			{
				"name": "VHDL",
				"scope": "source.vhdl"
			},
			{
				"name": "SystemVerilog",
				"scope": "source.systemverilog"
			},
			{
				"name": "Verilog",
				"scope": "source.verilog"
			}
		]
	},
	"file_type_video": {
		"color": "purple",
		"aliases": [
			{
				"name": "Plain Text (Video)",
				"extensions": [
					"avi",
					"mp4",
					"mov",
					"mkv",
					"h264",
					"webm",
					"wmv",
					"ogv",
					"ogg",
					"3gp",
					"m4v",
					"mpg",
					"mpeg",
					"3gpp",
					"ogm"
				],
				"base": "text.plain",
				"scope": "text.plain.video"
			}
		]
	},
	"file_type_vim": {
		"color": "green",
		"syntaxes": [
			{
				"name": "VimL",
				"scope": "source.viml"
			}
		],
		"aliases": [
			{
				"name": "Vimrc (VimL)",
				"extensions": [
					".vimrc",
					".gvimrc",
					"_vimrc",
					"_gvimrc"
				],
				"base": "source.viml",
				"scope": "source.viml.vimrc"
			}
		]
	},
	"file_type_visualstudio": {
		"color": "purple",
		"aliases": [
			{
				"name": "Plain Text (Visual Studio)",
				"extensions": [
					"idl",
					"sln"
				],
				"base": "text.plain",
				"scope": "text.plain.visualstudio"
			},
			{
				"name": "XML (Visual Studio)",
				"extensions": [
					"csproj",
					"fsproj",
					"shproj",
					"sqlproj",
					"vbproj",
					"vcxproj",
					"vsproj",
					"props",
					"ruleset",
					"settings",
					"targets"
				],
				"base": "text.xml",
				"scope": "text.xml.visualstudio"
			}
		]
	},
	"file_type_vue": {
		"color": "cyan",
		"syntaxes": [
			{
				"name": "Vue Syntax Highlight",
				"scope": "text.html.vue"
			}
		]
	},
	"file_type_webpack": {
		"color": "blue",
		"aliases": [
			{
				"name": "JavaScript (Webpack)",
				"linter": "javascript",
				"extensions": [
					"webpack.config.js",
					"webpack.config.babel.js",
					"webpack.dev.js",
					"webpack.mix.js"
				],
				"base": "source.js",
				"scope": "source.js.webpack"
			}
		]
	},
	"file_type_windows": {
		"color": "sky",
		"syntaxes": [
			{
				"name": "Batch File",
				"scope": "source.dosbatch"
			}
		],
		"aliases": [
			{
				"name": "Plain Text (Windows Shortcut)",
				"extensions": [
					"lnk"
				],
				"base": "text.plain",
				"scope": "text.plain.lnk"
			}
		]
	},
	"file_type_word": {
		"color": "blue",
		"aliases": [
			{
				"name": "Plain Text (Microsoft Word)",
				"extensions": [
					"doc",
					"docx",
					"docm",
					"docxml",
					"dotm",
					"dotx",
					"wri"
				],
				"base": "text.plain",
				"scope": "text.plain.word"
			}
		]
	},
	"file_type_yaml": {
		"color": "yellow",
		"syntaxes": [
			{
				"name": "YAML",
				"scope": "source.yaml"
			}
		]
	},
	"file_type_yarn": {
		"color": "blue",
		"aliases": [
			{
				"name": "YAML (Yarn)",
				"linter": "yaml",
				"extensions": [
					"yarn.lock"
				],
				"base": "source.yaml",
				"scope": "source.yaml.yarn"
			}
		]
	}
}
